﻿<?xml version="1.0" encoding="utf-8"?>
<!--DO NOT EDIT. This document is generated by PSoC Creator design builds.-->
<PSoCCreatorIdeExport Version="1">
  <Device Part="CY8C5888LTI-LP097" Processor="CortexM3" DeviceID="2E161069" />
  <Toolchains>
    <Toolchain Name="ARM GCC Generic" Selected="True">
      <Tool Name="prebuild" Command="" Options="" />
      <Tool Name="assembler" Command="arm-none-eabi-as.exe" Options="-mcpu=cortex-m3 -mthumb -I. -IGenerated_Source\PSoC5 -alh=${OutputDir}/${CompileFile}.lst -g -W" />
      <Tool Name="compiler" Command="arm-none-eabi-gcc.exe" Options="-mcpu=cortex-m3 -mthumb &quot;-IC:\Program Files (x86)\Cypress\emFile_V322b\Code\Include\PSoC5&quot; &quot;-IC:\Program Files (x86)\Cypress\emFile_V322b\Code\Include\PSoC5\emf32OS&quot; &quot;-IC:\Program Files (x86)\Cypress\emFile_V322b\Code\Include\PSoC5\emf32nOS&quot; &quot;-IC:\Program Files (x86)\Cypress\emFile_V322b\Code\Include\PSoC5\emf16OS&quot; &quot;-IC:\Program Files (x86)\Cypress\emFile_V322b\Code\Include\PSoC5\emf16nOS&quot; -I. -IGenerated_Source\PSoC5 -Wa,-alh=${OutputDir}/${CompileFile}.lst -g -D DEBUG -Wall -ffunction-sections -ffat-lto-objects -Og" />
      <Tool Name="linker" Command="arm-none-eabi-gcc.exe" Options="-mcpu=cortex-m3 -mthumb -L Generated_Source\PSoC5 -Wl,-Map,${OutputDir}/${ProjectShortName}.map -T Generated_Source\PSoC5\cm3gcc.ld -specs=nano.specs -Wl,--gc-sections -g -ffunction-sections -Og -ffat-lto-objects" />
      <Tool Name="postbuild" Command="" Options="" />
    </Toolchain>
    <Toolchain Name="ARM MDK Generic" Selected="False">
      <Tool Name="prebuild" Command="" Options="" />
      <Tool Name="assembler" Command="armasm.exe" Options="--cpu=Cortex-M3 --diag_style=gnu --thumb -i. -iGenerated_Source\PSoC5 -g --list=${OutputDir}/${CompileFile}.lst &quot;--predefine=__MICROLIB SETA 1&quot;" />
      <Tool Name="compiler" Command="armcc.exe" Options="--cpu=Cortex-M3 --C99 --diag_style=gnu -I. -IGenerated_Source\PSoC5 --list --signed_chars -g -D DEBUG -O0 --split_sections -D__MICROLIB" />
      <Tool Name="linker" Command="armlink.exe" Options="--cpu=Cortex-M3 --diag_style=gnu --no_startup --library_type=microlib --map --list ${OutputDir}/${ProjectShortName}.map --scatter Generated_Source\PSoC5\Cm3RealView.scat" />
      <Tool Name="postbuild" Command="" Options="" />
    </Toolchain>
    <Toolchain Name="ARM IAR Generic" Selected="False">
      <Tool Name="prebuild" Command="" Options="" />
      <Tool Name="assembler" Command="iasmarm.exe" Options="--cpu Cortex-M3 -I. -IGenerated_Source\PSoC5 -s+ -M&lt;&gt; -w+ -r -DDEBUG --fpu None" />
      <Tool Name="compiler" Command="iccarm.exe" Options="--cpu Cortex-M3 -I. -IGenerated_Source\PSoC5 -D DEBUG -D CY_CORE_ID=0 -I. -IGenerated_Source\PSoC5 -D DEBUG --no_cse --no_unroll --no_inline --no_code_motion --no_tbaa --no_clustering --no_scheduling --debug --endian=little -e --fpu=None -On --no_wrap_diagnostics" />
      <Tool Name="linker" Command="ilinkarm.exe" Options="--semihosting --entry __iar_program_start --config Generated_Source\PSoC5\Cm3Iar.icf" />
      <Tool Name="postbuild" Command="" Options="" />
    </Toolchain>
  </Toolchains>
  <Project Name="Sidekick" Path="C:\Users\rsv00\Downloads\cypress\Sidekick.cydsn" Version="5.50" Type="Normal">
    <CMSIS_SVD_File>Sidekick.svd</CMSIS_SVD_File>
    <Datasheet />
    <LinkerFiles>
      <LinkerFile Toolchain="ARM GCC Generic">.\Generated_Source\PSoC5\cm3gcc.ld</LinkerFile>
      <LinkerFile Toolchain="ARM MDK Generic">.\Generated_Source\PSoC5\Cm3RealView.scat</LinkerFile>
      <LinkerFile Toolchain="ARM IAR Generic">.\Generated_Source\PSoC5\Cm3Iar.icf</LinkerFile>
    </LinkerFiles>
    <Folders>
      <Folder BuildType="STRICT" Path="C:\Users\rsv00\Downloads\cypress\Sidekick.cydsn">
        <Files Root="C:\Users\rsv00\Downloads\cypress\Sidekick.cydsn">
          <File BuildType="BUILD" Toolchain="">main.c</File>
        </Files>
      </Folder>
      <Folder BuildType="STRICT" Path="C:\Users\rsv00\Downloads\cypress\Sidekick.cydsn\Generated_Source\PSoC5">
        <Files Root="C:\Users\rsv00\Downloads\cypress\Sidekick.cydsn">
          <File BuildType="BUILD" Toolchain="">Generated_Source\PSoC5\cyfitter_cfg.h</File>
          <File BuildType="BUILD" Toolchain="">Generated_Source\PSoC5\cyfitter_cfg.c</File>
          <File BuildType="BUILD" Toolchain="">Generated_Source\PSoC5\cymetadata.c</File>
          <File BuildType="BUILD" Toolchain="">Generated_Source\PSoC5\cydevice.h</File>
          <File BuildType="BUILD" Toolchain="">Generated_Source\PSoC5\cydevicegnu.inc</File>
          <File BuildType="BUILD" Toolchain="">Generated_Source\PSoC5\cydevicerv.inc</File>
          <File BuildType="BUILD" Toolchain="">Generated_Source\PSoC5\cydeviceiar.inc</File>
          <File BuildType="BUILD" Toolchain="">Generated_Source\PSoC5\cydevice_trm.h</File>
          <File BuildType="BUILD" Toolchain="">Generated_Source\PSoC5\cydevicegnu_trm.inc</File>
          <File BuildType="BUILD" Toolchain="">Generated_Source\PSoC5\cydevicerv_trm.inc</File>
          <File BuildType="BUILD" Toolchain="">Generated_Source\PSoC5\cydeviceiar_trm.inc</File>
          <File BuildType="BUILD" Toolchain="">Generated_Source\PSoC5\cyfittergnu.inc</File>
          <File BuildType="BUILD" Toolchain="">Generated_Source\PSoC5\cyfitterrv.inc</File>
          <File BuildType="BUILD" Toolchain="">Generated_Source\PSoC5\cyfitteriar.inc</File>
          <File BuildType="BUILD" Toolchain="">Generated_Source\PSoC5\cyfitter.h</File>
          <File BuildType="BUILD" Toolchain="">Generated_Source\PSoC5\cydisabledsheets.h</File>
          <File BuildType="BUILD" Toolchain="">Generated_Source\PSoC5\SDA_aliases.h</File>
          <File BuildType="BUILD" Toolchain="">Generated_Source\PSoC5\SDA.c</File>
          <File BuildType="BUILD" Toolchain="">Generated_Source\PSoC5\SDA.h</File>
          <File BuildType="BUILD" Toolchain="">Generated_Source\PSoC5\SCL_aliases.h</File>
          <File BuildType="BUILD" Toolchain="">Generated_Source\PSoC5\SCL.c</File>
          <File BuildType="BUILD" Toolchain="">Generated_Source\PSoC5\SCL.h</File>
          <File BuildType="BUILD" Toolchain="">Generated_Source\PSoC5\I2C_1.c</File>
          <File BuildType="BUILD" Toolchain="">Generated_Source\PSoC5\I2C_1.h</File>
          <File BuildType="BUILD" Toolchain="">Generated_Source\PSoC5\I2C_1_BOOT.c</File>
          <File BuildType="BUILD" Toolchain="">Generated_Source\PSoC5\I2C_1_INT.c</File>
          <File BuildType="BUILD" Toolchain="">Generated_Source\PSoC5\I2C_1_PM.c</File>
          <File BuildType="BUILD" Toolchain="">Generated_Source\PSoC5\I2C_1_SLAVE.c</File>
          <File BuildType="BUILD" Toolchain="">Generated_Source\PSoC5\I2C_1_MASTER.c</File>
          <File BuildType="BUILD" Toolchain="">Generated_Source\PSoC5\I2C_1_PVT.h</File>
          <File BuildType="BUILD" Toolchain="">Generated_Source\PSoC5\ADC_SAR_Seq_1.c</File>
          <File BuildType="BUILD" Toolchain="">Generated_Source\PSoC5\ADC_SAR_Seq_1.h</File>
          <File BuildType="BUILD" Toolchain="">Generated_Source\PSoC5\ADC_SAR_Seq_1_PM.c</File>
          <File BuildType="BUILD" Toolchain="">Generated_Source\PSoC5\ADC_SAR_Seq_1_INT.c</File>
          <File BuildType="BUILD" Toolchain="">Generated_Source\PSoC5\CapSense_1.c</File>
          <File BuildType="BUILD" Toolchain="">Generated_Source\PSoC5\CapSense_1.h</File>
          <File BuildType="BUILD" Toolchain="">Generated_Source\PSoC5\CapSense_1_CSHL.c</File>
          <File BuildType="BUILD" Toolchain="">Generated_Source\PSoC5\CapSense_1_CSHL.h</File>
          <File BuildType="BUILD" Toolchain="">Generated_Source\PSoC5\CapSense_1_INT.c</File>
          <File BuildType="BUILD" Toolchain="">Generated_Source\PSoC5\CapSense_1_Pins.c</File>
          <File BuildType="BUILD" Toolchain="">Generated_Source\PSoC5\CapSense_1_Pins.h</File>
          <File BuildType="BUILD" Toolchain="">Generated_Source\PSoC5\CapSense_1_PM.c</File>
          <File BuildType="BUILD" Toolchain="">Generated_Source\PSoC5\CapSense_1_SMS_Wrapper.c</File>
          <File BuildType="BUILD" Toolchain="">Generated_Source\PSoC5\CapSense_1_TunerHelper.c</File>
          <File BuildType="BUILD" Toolchain="">Generated_Source\PSoC5\CapSense_1_TunerHelper.h</File>
          <File BuildType="BUILD" Toolchain="">Generated_Source\PSoC5\Clock_4.c</File>
          <File BuildType="BUILD" Toolchain="">Generated_Source\PSoC5\Clock_4.h</File>
          <File BuildType="BUILD" Toolchain="">Generated_Source\PSoC5\Q_B_aliases.h</File>
          <File BuildType="BUILD" Toolchain="">Generated_Source\PSoC5\Q_B.c</File>
          <File BuildType="BUILD" Toolchain="">Generated_Source\PSoC5\Q_B.h</File>
          <File BuildType="BUILD" Toolchain="">Generated_Source\PSoC5\Q_SW_aliases.h</File>
          <File BuildType="BUILD" Toolchain="">Generated_Source\PSoC5\Q_SW.c</File>
          <File BuildType="BUILD" Toolchain="">Generated_Source\PSoC5\Q_SW.h</File>
          <File BuildType="BUILD" Toolchain="">Generated_Source\PSoC5\isr_4.c</File>
          <File BuildType="BUILD" Toolchain="">Generated_Source\PSoC5\isr_4.h</File>
          <File BuildType="BUILD" Toolchain="">Generated_Source\PSoC5\Q_A_aliases.h</File>
          <File BuildType="BUILD" Toolchain="">Generated_Source\PSoC5\Q_A.c</File>
          <File BuildType="BUILD" Toolchain="">Generated_Source\PSoC5\Q_A.h</File>
          <File BuildType="BUILD" Toolchain="">Generated_Source\PSoC5\RTC_1.c</File>
          <File BuildType="BUILD" Toolchain="">Generated_Source\PSoC5\RTC_1.h</File>
          <File BuildType="BUILD" Toolchain="">Generated_Source\PSoC5\RTC_1_INT.c</File>
          <File BuildType="BUILD" Toolchain="">Generated_Source\PSoC5\EEPROM_1.c</File>
          <File BuildType="BUILD" Toolchain="">Generated_Source\PSoC5\EEPROM_1.h</File>
          <File BuildType="BUILD" Toolchain="">Generated_Source\PSoC5\IR_1_aliases.h</File>
          <File BuildType="BUILD" Toolchain="">Generated_Source\PSoC5\IR_1.c</File>
          <File BuildType="BUILD" Toolchain="">Generated_Source\PSoC5\IR_1.h</File>
          <File BuildType="BUILD" Toolchain="">Generated_Source\PSoC5\IR_2_aliases.h</File>
          <File BuildType="BUILD" Toolchain="">Generated_Source\PSoC5\IR_2.c</File>
          <File BuildType="BUILD" Toolchain="">Generated_Source\PSoC5\IR_2.h</File>
          <File BuildType="BUILD" Toolchain="">Generated_Source\PSoC5\IR_3_aliases.h</File>
          <File BuildType="BUILD" Toolchain="">Generated_Source\PSoC5\IR_3.c</File>
          <File BuildType="BUILD" Toolchain="">Generated_Source\PSoC5\IR_3.h</File>
          <File BuildType="BUILD" Toolchain="">Generated_Source\PSoC5\IR_4_aliases.h</File>
          <File BuildType="BUILD" Toolchain="">Generated_Source\PSoC5\IR_4.c</File>
          <File BuildType="BUILD" Toolchain="">Generated_Source\PSoC5\IR_4.h</File>
          <File BuildType="BUILD" Toolchain="">Generated_Source\PSoC5\isr_3.c</File>
          <File BuildType="BUILD" Toolchain="">Generated_Source\PSoC5\isr_3.h</File>
          <File BuildType="BUILD" Toolchain="">Generated_Source\PSoC5\IR_5_aliases.h</File>
          <File BuildType="BUILD" Toolchain="">Generated_Source\PSoC5\IR_5.c</File>
          <File BuildType="BUILD" Toolchain="">Generated_Source\PSoC5\IR_5.h</File>
          <File BuildType="BUILD" Toolchain="">Generated_Source\PSoC5\IR_6_aliases.h</File>
          <File BuildType="BUILD" Toolchain="">Generated_Source\PSoC5\IR_6.c</File>
          <File BuildType="BUILD" Toolchain="">Generated_Source\PSoC5\IR_6.h</File>
          <File BuildType="BUILD" Toolchain="">Generated_Source\PSoC5\IR_7_aliases.h</File>
          <File BuildType="BUILD" Toolchain="">Generated_Source\PSoC5\IR_7.c</File>
          <File BuildType="BUILD" Toolchain="">Generated_Source\PSoC5\IR_7.h</File>
          <File BuildType="BUILD" Toolchain="">Generated_Source\PSoC5\IR_8_aliases.h</File>
          <File BuildType="BUILD" Toolchain="">Generated_Source\PSoC5\IR_8.c</File>
          <File BuildType="BUILD" Toolchain="">Generated_Source\PSoC5\IR_8.h</File>
          <File BuildType="BUILD" Toolchain="">Generated_Source\PSoC5\Clock_3.c</File>
          <File BuildType="BUILD" Toolchain="">Generated_Source\PSoC5\Clock_3.h</File>
          <File BuildType="BUILD" Toolchain="">Generated_Source\PSoC5\QuadDec_1.c</File>
          <File BuildType="BUILD" Toolchain="">Generated_Source\PSoC5\QuadDec_1.h</File>
          <File BuildType="BUILD" Toolchain="">Generated_Source\PSoC5\QuadDec_1_PM.c</File>
          <File BuildType="BUILD" Toolchain="">Generated_Source\PSoC5\isr_2.c</File>
          <File BuildType="BUILD" Toolchain="">Generated_Source\PSoC5\isr_2.h</File>
          <File BuildType="BUILD" Toolchain="">Generated_Source\PSoC5\isr_1.c</File>
          <File BuildType="BUILD" Toolchain="">Generated_Source\PSoC5\isr_1.h</File>
          <File BuildType="BUILD" Toolchain="">Generated_Source\PSoC5\Clock_2.c</File>
          <File BuildType="BUILD" Toolchain="">Generated_Source\PSoC5\Clock_2.h</File>
          <File BuildType="BUILD" Toolchain="">Generated_Source\PSoC5\Clock_1.c</File>
          <File BuildType="BUILD" Toolchain="">Generated_Source\PSoC5\Clock_1.h</File>
          <File BuildType="BUILD" Toolchain="">Generated_Source\PSoC5\SW_1_aliases.h</File>
          <File BuildType="BUILD" Toolchain="">Generated_Source\PSoC5\SW_1.c</File>
          <File BuildType="BUILD" Toolchain="">Generated_Source\PSoC5\SW_1.h</File>
          <File BuildType="BUILD" Toolchain="">Generated_Source\PSoC5\LED_1_aliases.h</File>
          <File BuildType="BUILD" Toolchain="">Generated_Source\PSoC5\LED_1.c</File>
          <File BuildType="BUILD" Toolchain="">Generated_Source\PSoC5\LED_1.h</File>
          <File BuildType="BUILD" Toolchain="">Generated_Source\PSoC5\PWM_1.c</File>
          <File BuildType="BUILD" Toolchain="">Generated_Source\PSoC5\PWM_1.h</File>
          <File BuildType="BUILD" Toolchain="">Generated_Source\PSoC5\PWM_1_PM.c</File>
          <File BuildType="BUILD" Toolchain="">Generated_Source\PSoC5\isr_5.c</File>
          <File BuildType="BUILD" Toolchain="">Generated_Source\PSoC5\isr_5.h</File>
          <File BuildType="BUILD" Toolchain="">Generated_Source\PSoC5\PWM_2.c</File>
          <File BuildType="BUILD" Toolchain="">Generated_Source\PSoC5\PWM_2.h</File>
          <File BuildType="BUILD" Toolchain="">Generated_Source\PSoC5\PWM_2_PM.c</File>
          <File BuildType="BUILD" Toolchain="">Generated_Source\PSoC5\LED_2_aliases.h</File>
          <File BuildType="BUILD" Toolchain="">Generated_Source\PSoC5\LED_2.c</File>
          <File BuildType="BUILD" Toolchain="">Generated_Source\PSoC5\LED_2.h</File>
          <File BuildType="BUILD" Toolchain="">Generated_Source\PSoC5\Clock_5.c</File>
          <File BuildType="BUILD" Toolchain="">Generated_Source\PSoC5\Clock_5.h</File>
          <File BuildType="BUILD" Toolchain="">Generated_Source\PSoC5\isr_6.c</File>
          <File BuildType="BUILD" Toolchain="">Generated_Source\PSoC5\isr_6.h</File>
          <File BuildType="BUILD" Toolchain="">Generated_Source\PSoC5\USBUART_1.c</File>
          <File BuildType="BUILD" Toolchain="">Generated_Source\PSoC5\USBUART_1.h</File>
          <File BuildType="BUILD" Toolchain="">Generated_Source\PSoC5\USBUART_1_audio.c</File>
          <File BuildType="BUILD" Toolchain="">Generated_Source\PSoC5\USBUART_1_audio.h</File>
          <File BuildType="BUILD" Toolchain="">Generated_Source\PSoC5\USBUART_1_boot.c</File>
          <File BuildType="BUILD" Toolchain="">Generated_Source\PSoC5\USBUART_1_cdc.c</File>
          <File BuildType="BUILD" Toolchain="">Generated_Source\PSoC5\USBUART_1_cdc.h</File>
          <File BuildType="BUILD" Toolchain="">Generated_Source\PSoC5\USBUART_1_cls.c</File>
          <File BuildType="BUILD" Toolchain="">Generated_Source\PSoC5\USBUART_1_descr.c</File>
          <File BuildType="BUILD" Toolchain="">Generated_Source\PSoC5\USBUART_1_drv.c</File>
          <File BuildType="BUILD" Toolchain="">Generated_Source\PSoC5\USBUART_1_episr.c</File>
          <File BuildType="BUILD" Toolchain="">Generated_Source\PSoC5\USBUART_1_hid.c</File>
          <File BuildType="BUILD" Toolchain="">Generated_Source\PSoC5\USBUART_1_hid.h</File>
          <File BuildType="BUILD" Toolchain="">Generated_Source\PSoC5\USBUART_1_pm.c</File>
          <File BuildType="BUILD" Toolchain="">Generated_Source\PSoC5\USBUART_1_std.c</File>
          <File BuildType="BUILD" Toolchain="">Generated_Source\PSoC5\USBUART_1_vnd.c</File>
          <File BuildType="BUILD" Toolchain="">Generated_Source\PSoC5\USBUART_1_midi.c</File>
          <File BuildType="BUILD" Toolchain="">Generated_Source\PSoC5\USBUART_1_midi.h</File>
          <File BuildType="BUILD" Toolchain="">Generated_Source\PSoC5\USBUART_1_pvt.h</File>
          <File BuildType="BUILD" Toolchain="">Generated_Source\PSoC5\USBUART_1_cydmac.h</File>
          <File BuildType="BUILD" Toolchain="">Generated_Source\PSoC5\USBUART_1_msc.c</File>
          <File BuildType="BUILD" Toolchain="">Generated_Source\PSoC5\USBUART_1_msc.h</File>
          <File BuildType="BUILD" Toolchain="">Generated_Source\PSoC5\VBUS_aliases.h</File>
          <File BuildType="BUILD" Toolchain="">Generated_Source\PSoC5\VBUS.c</File>
          <File BuildType="BUILD" Toolchain="">Generated_Source\PSoC5\VBUS.h</File>
          <File BuildType="BUILD" Toolchain="">Generated_Source\PSoC5\ADC_SAR_Seq_1_SAR.c</File>
          <File BuildType="BUILD" Toolchain="">Generated_Source\PSoC5\ADC_SAR_Seq_1_SAR.h</File>
          <File BuildType="BUILD" Toolchain="">Generated_Source\PSoC5\ADC_SAR_Seq_1_SAR_INT.c</File>
          <File BuildType="BUILD" Toolchain="">Generated_Source\PSoC5\ADC_SAR_Seq_1_SAR_PM.c</File>
          <File BuildType="BUILD" Toolchain="">Generated_Source\PSoC5\ADC_SAR_Seq_1_IntClock.c</File>
          <File BuildType="BUILD" Toolchain="">Generated_Source\PSoC5\ADC_SAR_Seq_1_IntClock.h</File>
          <File BuildType="BUILD" Toolchain="">Generated_Source\PSoC5\ADC_SAR_Seq_1_TempBuf_dma.c</File>
          <File BuildType="BUILD" Toolchain="">Generated_Source\PSoC5\ADC_SAR_Seq_1_TempBuf_dma.h</File>
          <File BuildType="BUILD" Toolchain="">Generated_Source\PSoC5\ADC_SAR_Seq_1_FinalBuf_dma.c</File>
          <File BuildType="BUILD" Toolchain="">Generated_Source\PSoC5\ADC_SAR_Seq_1_FinalBuf_dma.h</File>
          <File BuildType="BUILD" Toolchain="">Generated_Source\PSoC5\ADC_SAR_Seq_1_IRQ.c</File>
          <File BuildType="BUILD" Toolchain="">Generated_Source\PSoC5\ADC_SAR_Seq_1_IRQ.h</File>
          <File BuildType="BUILD" Toolchain="">Generated_Source\PSoC5\CapSense_1_CompCH0.c</File>
          <File BuildType="BUILD" Toolchain="">Generated_Source\PSoC5\CapSense_1_CompCH0.h</File>
          <File BuildType="BUILD" Toolchain="">Generated_Source\PSoC5\CapSense_1_CompCH0_PM.c</File>
          <File BuildType="BUILD" Toolchain="">Generated_Source\PSoC5\CapSense_1_IdacCH0.c</File>
          <File BuildType="BUILD" Toolchain="">Generated_Source\PSoC5\CapSense_1_IdacCH0.h</File>
          <File BuildType="BUILD" Toolchain="">Generated_Source\PSoC5\CapSense_1_IdacCH0_PM.c</File>
          <File BuildType="BUILD" Toolchain="">Generated_Source\PSoC5\CapSense_1_AMuxCH0.c</File>
          <File BuildType="BUILD" Toolchain="">Generated_Source\PSoC5\CapSense_1_AMuxCH0.h</File>
          <File BuildType="BUILD" Toolchain="">Generated_Source\PSoC5\CapSense_1_IntClock.c</File>
          <File BuildType="BUILD" Toolchain="">Generated_Source\PSoC5\CapSense_1_IntClock.h</File>
          <File BuildType="BUILD" Toolchain="">Generated_Source\PSoC5\QuadDec_1_Cnt8.c</File>
          <File BuildType="BUILD" Toolchain="">Generated_Source\PSoC5\QuadDec_1_Cnt8.h</File>
          <File BuildType="BUILD" Toolchain="">Generated_Source\PSoC5\QuadDec_1_Cnt8_PM.c</File>
          <File BuildType="BUILD" Toolchain="">Generated_Source\PSoC5\USBUART_1_Vbus_ps.c</File>
          <File BuildType="BUILD" Toolchain="">Generated_Source\PSoC5\USBUART_1_Vbus_ps.h</File>
          <File BuildType="BUILD" Toolchain="">Generated_Source\PSoC5\USBUART_1_Dm_aliases.h</File>
          <File BuildType="BUILD" Toolchain="">Generated_Source\PSoC5\USBUART_1_Dm.c</File>
          <File BuildType="BUILD" Toolchain="">Generated_Source\PSoC5\USBUART_1_Dm.h</File>
          <File BuildType="BUILD" Toolchain="">Generated_Source\PSoC5\USBUART_1_Dp_aliases.h</File>
          <File BuildType="BUILD" Toolchain="">Generated_Source\PSoC5\USBUART_1_Dp.c</File>
          <File BuildType="BUILD" Toolchain="">Generated_Source\PSoC5\USBUART_1_Dp.h</File>
          <File BuildType="BUILD" Toolchain="ARM GCC Generic">Generated_Source\PSoC5\cm3gcc.ld</File>
          <File BuildType="BUILD" Toolchain="ARM MDK Generic">Generated_Source\PSoC5\Cm3RealView.scat</File>
          <File BuildType="BUILD" Toolchain="">Generated_Source\PSoC5\Cm3Start.c</File>
          <File BuildType="BUILD" Toolchain="">Generated_Source\PSoC5\core_cm3.h</File>
          <File BuildType="BUILD" Toolchain="">Generated_Source\PSoC5\core_cm3_psoc5.h</File>
          <File BuildType="BUILD" Toolchain="ARM GCC Generic">Generated_Source\PSoC5\CyBootAsmGnu.s</File>
          <File BuildType="BUILD" Toolchain="ARM MDK Generic">Generated_Source\PSoC5\CyBootAsmRv.s</File>
          <File BuildType="BUILD" Toolchain="">Generated_Source\PSoC5\CyDmac.c</File>
          <File BuildType="BUILD" Toolchain="">Generated_Source\PSoC5\CyDmac.h</File>
          <File BuildType="BUILD" Toolchain="">Generated_Source\PSoC5\CyFlash.c</File>
          <File BuildType="BUILD" Toolchain="">Generated_Source\PSoC5\CyFlash.h</File>
          <File BuildType="BUILD" Toolchain="">Generated_Source\PSoC5\CyLib.c</File>
          <File BuildType="BUILD" Toolchain="">Generated_Source\PSoC5\CyLib.h</File>
          <File BuildType="BUILD" Toolchain="">Generated_Source\PSoC5\cypins.h</File>
          <File BuildType="BUILD" Toolchain="">Generated_Source\PSoC5\cyPm.c</File>
          <File BuildType="BUILD" Toolchain="">Generated_Source\PSoC5\cyPm.h</File>
          <File BuildType="BUILD" Toolchain="">Generated_Source\PSoC5\CySpc.c</File>
          <File BuildType="BUILD" Toolchain="">Generated_Source\PSoC5\CySpc.h</File>
          <File BuildType="BUILD" Toolchain="">Generated_Source\PSoC5\cytypes.h</File>
          <File BuildType="BUILD" Toolchain="">Generated_Source\PSoC5\cyutils.c</File>
          <File BuildType="BUILD" Toolchain="">Generated_Source\PSoC5\core_cmFunc.h</File>
          <File BuildType="BUILD" Toolchain="">Generated_Source\PSoC5\core_cmInstr.h</File>
          <File BuildType="BUILD" Toolchain="ARM IAR Generic">Generated_Source\PSoC5\Cm3Iar.icf</File>
          <File BuildType="BUILD" Toolchain="ARM IAR Generic">Generated_Source\PSoC5\CyBootAsmIar.s</File>
          <File BuildType="BUILD" Toolchain="">Generated_Source\PSoC5\cmsis_armcc.h</File>
          <File BuildType="BUILD" Toolchain="">Generated_Source\PSoC5\cmsis_gcc.h</File>
          <File BuildType="BUILD" Toolchain="">Generated_Source\PSoC5\cy_em_eeprom.c</File>
          <File BuildType="BUILD" Toolchain="">Generated_Source\PSoC5\cy_em_eeprom.h</File>
          <File BuildType="BUILD" Toolchain="">Generated_Source\PSoC5\project.h</File>
          <File BuildType="BUILD" Toolchain="">Generated_Source\PSoC5\cycodeshareimport.ld</File>
          <File BuildType="BUILD" Toolchain="">Generated_Source\PSoC5\cycodeshareexport.ld</File>
          <File BuildType="BUILD" Toolchain="">Generated_Source\PSoC5\cycodeshareimport.scat</File>
          <File BuildType="BUILD" Toolchain="">Generated_Source\PSoC5\emFile_1.h</File>
          <File BuildType="BUILD" Toolchain="">Generated_Source\PSoC5\emFile_1_ConfigMMC_SPI.c</File>
          <File BuildType="BUILD" Toolchain="">Generated_Source\PSoC5\emFile_1_MMC_HW_SPI.c</File>
          <File BuildType="BUILD" Toolchain="">Generated_Source\PSoC5\emFile_1_PM.c</File>
          <File BuildType="BUILD" Toolchain="">Generated_Source\PSoC5\emFile_1_SPI0.c</File>
          <File BuildType="BUILD" Toolchain="">Generated_Source\PSoC5\emFile_1_SPI0.h</File>
          <File BuildType="BUILD" Toolchain="">Generated_Source\PSoC5\emFile_1_SPI0_PM.c</File>
          <File BuildType="BUILD" Toolchain="">Generated_Source\PSoC5\emFile_1_SPI0_INT.c</File>
          <File BuildType="BUILD" Toolchain="">Generated_Source\PSoC5\emFile_1_SPI0_PVT.h</File>
          <File BuildType="BUILD" Toolchain="">Generated_Source\PSoC5\emFile_1_mosi0_aliases.h</File>
          <File BuildType="BUILD" Toolchain="">Generated_Source\PSoC5\emFile_1_mosi0.c</File>
          <File BuildType="BUILD" Toolchain="">Generated_Source\PSoC5\emFile_1_mosi0.h</File>
          <File BuildType="BUILD" Toolchain="">Generated_Source\PSoC5\emFile_1_Clock_1.c</File>
          <File BuildType="BUILD" Toolchain="">Generated_Source\PSoC5\emFile_1_Clock_1.h</File>
          <File BuildType="BUILD" Toolchain="">Generated_Source\PSoC5\emFile_1_miso0_aliases.h</File>
          <File BuildType="BUILD" Toolchain="">Generated_Source\PSoC5\emFile_1_miso0.c</File>
          <File BuildType="BUILD" Toolchain="">Generated_Source\PSoC5\emFile_1_miso0.h</File>
          <File BuildType="BUILD" Toolchain="">Generated_Source\PSoC5\emFile_1_sclk0_aliases.h</File>
          <File BuildType="BUILD" Toolchain="">Generated_Source\PSoC5\emFile_1_sclk0.c</File>
          <File BuildType="BUILD" Toolchain="">Generated_Source\PSoC5\emFile_1_sclk0.h</File>
          <File BuildType="BUILD" Toolchain="">Generated_Source\PSoC5\emFile_1_SPI0_CS_aliases.h</File>
          <File BuildType="BUILD" Toolchain="">Generated_Source\PSoC5\emFile_1_SPI0_CS.c</File>
          <File BuildType="BUILD" Toolchain="">Generated_Source\PSoC5\emFile_1_SPI0_CS.h</File>
        </Files>
      </Folder>
      <Folder BuildType="STRICT" Path="C:\Users\rsv00\Downloads\cypress\Sidekick.cydsn\Export\ARM_GCC_Generic\CapSense_CSD_v3_50">
        <Files Root="C:\Users\rsv00\Downloads\cypress\Sidekick.cydsn">
          <File BuildType="BUILD" Toolchain="ARM GCC Generic">.\Export\ARM_GCC_Generic\CapSense_CSD_v3_50\CapSenseLibrary_GCC.a</File>
        </Files>
      </Folder>
      <Folder BuildType="STRICT" Path="C:\Users\rsv00\Downloads\cypress\Sidekick.cydsn\Export\ARM_GCC_Generic">
        <Files Root="C:\Users\rsv00\Downloads\cypress\Sidekick.cydsn">
          <File BuildType="BUILD" Toolchain="ARM GCC Generic">.\Export\ARM_GCC_Generic\CyComponentLibrary.a</File>
        </Files>
      </Folder>
      <Folder BuildType="STRICT" Path="C:\Users\rsv00\Downloads\cypress\Sidekick.cydsn\Export\ARM_MDK_Generic\CapSense_CSD_v3_50">
        <Files Root="C:\Users\rsv00\Downloads\cypress\Sidekick.cydsn">
          <File BuildType="BUILD" Toolchain="ARM MDK Generic">.\Export\ARM_MDK_Generic\CapSense_CSD_v3_50\CapSenseLibrary_MDK.a</File>
        </Files>
      </Folder>
      <Folder BuildType="STRICT" Path="C:\Users\rsv00\Downloads\cypress\Sidekick.cydsn\Export\ARM_MDK_Generic">
        <Files Root="C:\Users\rsv00\Downloads\cypress\Sidekick.cydsn">
          <File BuildType="BUILD" Toolchain="ARM MDK Generic">.\Export\ARM_MDK_Generic\CyComponentLibrary.a</File>
        </Files>
      </Folder>
      <Folder BuildType="STRICT" Path="C:\Users\rsv00\Downloads\cypress\Sidekick.cydsn\Export\ARM_IAR_Generic\CapSense_CSD_v3_50">
        <Files Root="C:\Users\rsv00\Downloads\cypress\Sidekick.cydsn">
          <File BuildType="BUILD" Toolchain="ARM IAR Generic">.\Export\ARM_IAR_Generic\CapSense_CSD_v3_50\CapSenseLibrary_IAR.a</File>
        </Files>
      </Folder>
      <Folder BuildType="STRICT" Path="C:\Users\rsv00\Downloads\cypress\Sidekick.cydsn\Export\ARM_IAR_Generic">
        <Files Root="C:\Users\rsv00\Downloads\cypress\Sidekick.cydsn">
          <File BuildType="BUILD" Toolchain="ARM IAR Generic">.\Export\ARM_IAR_Generic\CyComponentLibrary.a</File>
        </Files>
      </Folder>
      <Folder BuildType="EXCLUDE" Path=".\codegentemp">
        <Files Root="C:\Users\rsv00\Downloads\cypress\Sidekick.cydsn" />
      </Folder>
      <Folder BuildType="EXCLUDE" Path=".\ARM_GCC_441">
        <Files Root="C:\Users\rsv00\Downloads\cypress\Sidekick.cydsn" />
      </Folder>
      <Folder BuildType="EXCLUDE" Path=".\ARM_GCC_473">
        <Files Root="C:\Users\rsv00\Downloads\cypress\Sidekick.cydsn" />
      </Folder>
      <Folder BuildType="EXCLUDE" Path=".\DP8051_Keil_952">
        <Files Root="C:\Users\rsv00\Downloads\cypress\Sidekick.cydsn" />
      </Folder>
      <Folder BuildType="EXCLUDE" Path=".\DP8051">
        <Files Root="C:\Users\rsv00\Downloads\cypress\Sidekick.cydsn" />
      </Folder>
      <Folder BuildType="EXCLUDE" Path=".\CortexM0">
        <Files Root="C:\Users\rsv00\Downloads\cypress\Sidekick.cydsn" />
      </Folder>
      <Folder BuildType="EXCLUDE" Path=".\CortexM0p">
        <Files Root="C:\Users\rsv00\Downloads\cypress\Sidekick.cydsn" />
      </Folder>
      <Folder BuildType="EXCLUDE" Path=".\CortexM3">
        <Files Root="C:\Users\rsv00\Downloads\cypress\Sidekick.cydsn" />
      </Folder>
      <Folder BuildType="EXCLUDE" Path=".\CortexM4">
        <Files Root="C:\Users\rsv00\Downloads\cypress\Sidekick.cydsn" />
      </Folder>
      <Folder BuildType="EXCLUDE" Path=".\CortexM7">
        <Files Root="C:\Users\rsv00\Downloads\cypress\Sidekick.cydsn" />
      </Folder>
    </Folders>
  </Project>
</PSoCCreatorIdeExport>